GISJOIN,STATE,COUNTY,TRACT,BLKGRP,TOTAL_POP,WHITE_POP,WHITE_PERCENTAGE,BIPOC_POP,INCOME,MAJ_BIPOC,MAJ_LOW_INCOME,LON,LAT
G24051000101001,Maryland,Baltimore city,10100,1,1185,1115,0.94092827,70,145288,0,0,-76.57418644,39.28329672
G24051000101002,Maryland,Baltimore city,10100,2,761,613,0.805519054,148,109792,0,0,-76.57400073,39.28128098
G24051000101003,Maryland,Baltimore city,10100,3,1089,886,0.81359045,203,104375,0,0,-76.57358309,39.27863377
G24051000102001,Maryland,Baltimore city,10200,1,835,690,0.826347305,145,97222,0,0,-76.57275997,39.2905859
G24051000102002,Maryland,Baltimore city,10200,2,542,486,0.896678967,56,101620,0,0,-76.57225189,39.28642044
G24051000102003,Maryland,Baltimore city,10200,3,1053,885,0.84045584,168,131625,0,0,-76.57503613,39.28530682
G24051000102004,Maryland,Baltimore city,10200,4,428,389,0.908878505,39,111094,0,0,-76.57468172,39.28912092
G24051000103001,Maryland,Baltimore city,10300,1,806,675,0.837468983,131,137356,0,0,-76.58002121,39.28845476
G24051000103002,Maryland,Baltimore city,10300,2,1574,1337,0.849428208,237,148438,0,0,-76.58197843,39.28461064
G24051000104001,Maryland,Baltimore city,10400,1,797,586,0.735257215,211,109766,0,0,-76.57917135,39.28147378
G24051000104002,Maryland,Baltimore city,10400,2,2037,1633,0.801669121,404,126378,0,0,-76.58191927,39.28135879
G24051000105001,Maryland,Baltimore city,10500,1,905,715,0.790055249,190,156296,0,0,-76.58615482,39.29023711
G24051000105002,Maryland,Baltimore city,10500,2,983,726,0.738555443,257,84091,0,0,-76.5856192,39.28749271
G24051000201001,Maryland,Baltimore city,20100,1,666,388,0.582582583,278,72083,0,0,-76.58887691,39.29060482
G24051000201002,Maryland,Baltimore city,20100,2,970,801,0.825773196,169,92188,0,0,-76.5887057,39.28762472
G24051000202001,Maryland,Baltimore city,20200,1,661,384,0.580937973,277,74479,0,0,-76.59213373,39.29046161
G24051000202002,Maryland,Baltimore city,20200,2,1017,694,0.682399213,323,101250,0,0,-76.59196483,39.28749032
G24051000203001,Maryland,Baltimore city,20300,1,1265,999,0.78972332,266,73528,0,0,-76.59026488,39.28469473
G24051000203002,Maryland,Baltimore city,20300,2,1246,950,0.762439807,296,115429,0,0,-76.5966915,39.28220058
G24051000203003,Maryland,Baltimore city,20300,3,1250,906,0.7248,344,131406,0,0,-76.59010041,39.28192701
G24051000301001,Maryland,Baltimore city,30100,1,1444,173,0.119806094,1271,18849,1,1,-76.59655997,39.28788134
G24051000301002,Maryland,Baltimore city,30100,2,942,179,0.190021231,763,28571,1,1,-76.5965995,39.29184232
G24051000302001,Maryland,Baltimore city,30200,1,1027,273,0.265822785,754,35735,1,1,-76.60262324,39.28944395
G24051000302002,Maryland,Baltimore city,30200,2,1246,823,0.660513644,423,112589,0,0,-76.60148901,39.28483092
G24051000401001,Maryland,Baltimore city,40100,1,2723,1345,0.493940507,1378,73516,1,0,-76.61307131,39.28955069
G24051000401002,Maryland,Baltimore city,40100,2,2328,544,0.233676976,1784,61571,1,0,-76.61889535,39.29216892
G24051000402001,Maryland,Baltimore city,40200,1,984,422,0.428861789,562,43417,1,1,-76.62505649,39.2903224
G24051000601001,Maryland,Baltimore city,60100,1,538,88,0.163568773,450,23333,1,1,-76.57415959,39.29589515
G24051000601002,Maryland,Baltimore city,60100,2,997,314,0.314944835,683,58194,1,0,-76.57403667,39.29351709
G24051000601003,Maryland,Baltimore city,60100,3,651,327,0.502304147,324,103438,0,0,-76.57664742,39.29341825
G24051000601004,Maryland,Baltimore city,60100,4,467,21,0.04496788,446,69875,1,0,-76.57679626,39.29579272
G24051000602001,Maryland,Baltimore city,60200,1,534,39,0.073033708,495,56127,1,0,-76.57891746,39.29569723
G24051000602002,Maryland,Baltimore city,60200,2,525,341,0.64952381,184,102386,0,0,-76.57876127,39.29334535
G24051000602003,Maryland,Baltimore city,60200,3,1017,422,0.414945919,595,44280,1,1,-76.58088174,39.29325448
G24051000602004,Maryland,Baltimore city,60200,4,699,318,0.454935622,381,75375,1,0,-76.58273606,39.29434885
G24051000602005,Maryland,Baltimore city,60200,5,262,75,0.286259542,187,72344,1,0,-76.58104578,39.29562696
G24051000603001,Maryland,Baltimore city,60300,1,975,136,0.139487179,839,62917,1,0,-76.58558333,39.29544845
G24051000603002,Maryland,Baltimore city,60300,2,906,580,0.6401766,326,76979,0,0,-76.58544061,39.29308545
G24051000604001,Maryland,Baltimore city,60400,1,687,168,0.244541485,519,58750,1,0,-76.59233612,39.29510887
G24051000604002,Maryland,Baltimore city,60400,2,874,307,0.351258581,567,48500,1,0,-76.58907873,39.29508538
G24051000701001,Maryland,Baltimore city,70100,1,1478,79,0.053450609,1399,43411,1,1,-76.57549326,39.3008934
G24051000701002,Maryland,Baltimore city,70100,2,1488,21,0.014112903,1467,43152,1,1,-76.57532491,39.29807857
G24051000702001,Maryland,Baltimore city,70200,1,692,78,0.112716763,614,29208.33333,1,1,-76.58131452,39.3017526
G24051000702002,Maryland,Baltimore city,70200,2,926,4,0.004319654,922,23889,1,1,-76.57956417,39.30002151
G24051000702003,Maryland,Baltimore city,70200,3,853,0,0,853,19744,1,1,-76.57942256,39.29791032
G24051000702004,Maryland,Baltimore city,70200,4,515,0,0,515,29208.33333,1,1,-76.58224226,39.29780029
G24051000702005,Maryland,Baltimore city,70200,5,710,0,0,710,43992,1,1,-76.58238675,39.29991758
G24051000703001,Maryland,Baltimore city,70300,1,634,15,0.023659306,619,36618,1,1,-76.58576255,39.29819334
G24051000703002,Maryland,Baltimore city,70300,2,266,27,0.101503759,239,38125,1,1,-76.5861573,39.30110423
G24051000704001,Maryland,Baltimore city,70400,1,419,83,0.198090692,336,52292,1,0,-76.58948997,39.30034243
G24051000704002,Maryland,Baltimore city,70400,2,344,7,0.020348837,337,14958,1,1,-76.59276753,39.30020056
G24051000704003,Maryland,Baltimore city,70400,3,838,14,0.016706444,824,19091,1,1,-76.59612546,39.30007382
G24051000801011,Maryland,Baltimore city,80101,1,781,672,0.860435339,109,116250,0,0,-76.58156385,39.32303225
G24051000801012,Maryland,Baltimore city,80101,2,1105,304,0.275113122,801,102667,1,0,-76.57503125,39.32640944
G24051000801013,Maryland,Baltimore city,80101,3,1342,115,0.085692996,1227,48910,1,0,-76.57251078,39.32392003
G24051000801014,Maryland,Baltimore city,80101,4,641,143,0.223088924,498,59375,1,0,-76.57572008,39.32388536
G24051000801021,Maryland,Baltimore city,80102,1,860,42,0.048837209,818,30625,1,1,-76.57469966,39.31883205
G24051000801022,Maryland,Baltimore city,80102,2,1299,29,0.022324865,1270,32992,1,1,-76.57687346,39.3155751
G24051000802001,Maryland,Baltimore city,80200,1,240,0,0,240,56161,1,0,-76.57811687,39.31170282
G24051000802002,Maryland,Baltimore city,80200,2,336,0,0,336,19423,1,1,-76.5844337,39.31077285
G24051000802003,Maryland,Baltimore city,80200,3,588,71,0.120748299,517,38813,1,1,-76.58685285,39.31288695
G24051000803011,Maryland,Baltimore city,80301,1,226,0,0,226,43125,1,1,-76.58326972,39.30740103
G24051000803012,Maryland,Baltimore city,80301,2,928,2,0.002155172,926,36337.5,1,1,-76.58111156,39.30691559
G24051000803013,Maryland,Baltimore city,80301,3,605,0,0,605,29550,1,1,-76.58210525,39.30388793
G24051000803021,Maryland,Baltimore city,80302,1,649,0,0,649,52662,1,0,-76.57442042,39.30826481
G24051000803022,Maryland,Baltimore city,80302,2,445,0,0,445,27188,1,1,-76.57522796,39.30454222
G24051000803023,Maryland,Baltimore city,80302,3,609,136,0.223316913,473,55792,1,0,-76.57833207,39.30472177
G24051000803024,Maryland,Baltimore city,80302,4,1203,0,0,1203,31976,1,1,-76.57789077,39.30758807
G24051000804001,Maryland,Baltimore city,80400,1,577,94,0.162911612,483,43250,1,1,-76.58638167,39.30709746
G24051000804002,Maryland,Baltimore city,80400,2,686,34,0.049562682,652,17560,1,1,-76.58590302,39.30393452
G24051000805001,Maryland,Baltimore city,80500,1,594,14,0.023569024,580,29605,1,1,-76.59311235,39.31586986
G24051000805002,Maryland,Baltimore city,80500,2,349,0,0,349,29650,1,1,-76.59468479,39.31485128
G24051000805003,Maryland,Baltimore city,80500,3,467,0,0,467,41250,1,1,-76.59396401,39.31324447
G24051000806001,Maryland,Baltimore city,80600,1,695,85,0.122302158,610,30089,1,1,-76.59020503,39.31030203
G24051000806002,Maryland,Baltimore city,80600,2,455,35,0.076923077,420,47708,1,0,-76.59677427,39.31080925
G24051000806003,Maryland,Baltimore city,80600,3,264,0,0,264,34766,1,1,-76.59201105,39.31100221
G24051000806004,Maryland,Baltimore city,80600,4,518,49,0.094594595,469,34375,1,1,-76.59484079,39.3099801
G24051000807001,Maryland,Baltimore city,80700,1,481,13,0.027027027,468,40833,1,1,-76.59605932,39.30711656
G24051000807002,Maryland,Baltimore city,80700,2,123,0,0,123,38036,1,1,-76.59138443,39.30697452
G24051000808001,Maryland,Baltimore city,80800,1,230,46,0.2,184,28214,1,1,-76.59070443,39.30346698
G24051000808002,Maryland,Baltimore city,80800,2,1353,24,0.017738359,1329,56288,1,0,-76.59501268,39.30389116
G24051000901001,Maryland,Baltimore city,90100,1,1255,30,0.023904382,1225,35708,1,1,-76.60425604,39.33941868
G24051000901002,Maryland,Baltimore city,90100,2,939,50,0.053248136,889,63482,1,0,-76.59897528,39.335982
G24051000901003,Maryland,Baltimore city,90100,3,660,343,0.51969697,317,74500,0,0,-76.60361647,39.33554064
G24051000901004,Maryland,Baltimore city,90100,4,489,0,0,489,25952,1,1,-76.60827453,39.33659344
G24051000901005,Maryland,Baltimore city,90100,5,415,0,0,415,49910.5,1,0,-76.60533141,39.33803982
G24051000902001,Maryland,Baltimore city,90200,1,1307,364,0.278500383,943,79583,1,0,-76.58609255,39.33507991
G24051000902002,Maryland,Baltimore city,90200,2,1449,99,0.068322981,1350,69792,1,0,-76.59186485,39.33306946
G24051000903001,Maryland,Baltimore city,90300,1,424,108,0.254716981,316,72708,1,0,-76.5972047,39.33208198
G24051000903002,Maryland,Baltimore city,90300,2,1039,88,0.084696824,951,21974,1,1,-76.60121809,39.32959403
G24051000903003,Maryland,Baltimore city,90300,3,788,365,0.46319797,423,89032,1,0,-76.60163785,39.33290503
G24051000903004,Maryland,Baltimore city,90300,4,2225,518,0.232808989,1707,61250,1,0,-76.60685768,39.33173036
G24051000904001,Maryland,Baltimore city,90400,1,909,85,0.093509351,824,38011,1,1,-76.60594644,39.32319894
G24051000904002,Maryland,Baltimore city,90400,2,611,9,0.014729951,602,38011,1,1,-76.60810313,39.32154716
G24051000905001,Maryland,Baltimore city,90500,1,526,0,0,526,42550,1,1,-76.59931393,39.32354714
G24051000905002,Maryland,Baltimore city,90500,2,1221,343,0.280917281,878,48864,1,0,-76.60355851,39.32667856
G24051000906001,Maryland,Baltimore city,90600,1,1243,0,0,1243,31788,1,1,-76.58741368,39.3257845
G24051000906002,Maryland,Baltimore city,90600,2,282,0,0,282,36632,1,1,-76.59072252,39.32338886
G24051000906003,Maryland,Baltimore city,90600,3,304,33,0.108552632,271,31788,1,1,-76.59141099,39.3253633
G24051000906004,Maryland,Baltimore city,90600,4,1181,205,0.17358171,976,26944,1,1,-76.59196702,39.3272772
G24051000907001,Maryland,Baltimore city,90700,1,1536,11,0.007161458,1525,33274,1,1,-76.59377148,39.32304852
G24051000907002,Maryland,Baltimore city,90700,2,536,0,0,536,19142,1,1,-76.5947777,39.32131318
G24051000907003,Maryland,Baltimore city,90700,3,661,10,0.015128593,651,26208,1,1,-76.59586055,39.31908817
G24051000907004,Maryland,Baltimore city,90700,4,217,0,0,217,26208,1,1,-76.59874247,39.32012027
G24051000908001,Maryland,Baltimore city,90800,1,554,28,0.050541516,526,37950,1,1,-76.60279658,39.3175962
G24051000908002,Maryland,Baltimore city,90800,2,641,0,0,641,24256,1,1,-76.60049668,39.31529114
G24051000908003,Maryland,Baltimore city,90800,3,253,16,0.063241107,237,31818.66667,1,1,-76.60788237,39.3159881
G24051000908004,Maryland,Baltimore city,90800,4,1049,19,0.018112488,1030,33250,1,1,-76.60353845,39.31329679
G24051000908005,Maryland,Baltimore city,90800,5,212,0,0,212,31818.66667,1,1,-76.60816034,39.31316065
G24051000909001,Maryland,Baltimore city,90900,1,800,52,0.065,748,41058,1,1,-76.60584063,39.30872346
G24051000909002,Maryland,Baltimore city,90900,2,257,25,0.097276265,232,17361,1,1,-76.59955615,39.30708448
G24051000909003,Maryland,Baltimore city,90900,3,398,0,0,398,18190,1,1,-76.60236382,39.30680121
G24051000909004,Maryland,Baltimore city,90900,4,1236,3,0.002427184,1233,20688,1,1,-76.6007496,39.30993528
G24051001001001,Maryland,Baltimore city,100100,1,1226,21,0.017128874,1205,52250,1,0,-76.60588193,39.30341402
G24051001001002,Maryland,Baltimore city,100100,2,406,6,0.014778325,400,9926,1,1,-76.60961915,39.3029437
G24051001001003,Maryland,Baltimore city,100100,3,267,0,0,267,56063,1,0,-76.59918502,39.30343532
G24051001001004,Maryland,Baltimore city,100100,4,360,5,0.013888889,355,27045,1,1,-76.60233103,39.30316261
G24051001002001,Maryland,Baltimore city,100200,1,742,0,0,742,14132,1,1,-76.59990378,39.2993744
G24051001002002,Maryland,Baltimore city,100200,2,1154,0,0,1154,22371,1,1,-76.60227579,39.30040334
G24051001002003,Maryland,Baltimore city,100200,3,962,74,0.076923077,888,8750,1,1,-76.60563848,39.29965498
G24051001003001,Maryland,Baltimore city,100300,1,3326,545,0.163860493,2781,32300,1,1,-76.60912497,39.29951125
G24051001101001,Maryland,Baltimore city,110100,1,1714,1027,0.599183197,687,55850,0,0,-76.61303171,39.30357347
G24051001101002,Maryland,Baltimore city,110100,2,1463,683,0.466848941,780,55288,1,0,-76.61273943,39.29776894
G24051001102001,Maryland,Baltimore city,110200,1,2582,1280,0.495739737,1302,60421,1,0,-76.61761341,39.30412898
G24051001102002,Maryland,Baltimore city,110200,2,1560,897,0.575,663,37909,0,1,-76.61560949,39.29743206
G24051001102003,Maryland,Baltimore city,110200,3,1826,1127,0.617196057,699,32321,0,1,-76.61860155,39.2982665
G24051001201001,Maryland,Baltimore city,120100,1,1355,770,0.568265683,585,133906,0,0,-76.61353394,39.33578474
G24051001201002,Maryland,Baltimore city,120100,2,909,530,0.583058306,379,62167,0,0,-76.62299083,39.33895419
G24051001201003,Maryland,Baltimore city,120100,3,883,709,0.802944507,174,86912,0,0,-76.61951704,39.33782613
G24051001201004,Maryland,Baltimore city,120100,4,1640,561,0.342073171,1079,53138,1,0,-76.62005274,39.33488886
G24051001202011,Maryland,Baltimore city,120201,1,1320,893,0.676515152,427,96419,0,0,-76.61240674,39.33027032
G24051001202012,Maryland,Baltimore city,120201,2,907,663,0.730981257,244,78452,0,0,-76.61139387,39.32587309
G24051001202021,Maryland,Baltimore city,120202,1,918,466,0.507625272,452,35400.66667,0,1,-76.62118729,39.32930474
G24051001202022,Maryland,Baltimore city,120202,2,652,210,0.32208589,442,24500,1,1,-76.61501923,39.3294725
G24051001202023,Maryland,Baltimore city,120202,3,1792,794,0.443080357,998,35400.66667,1,1,-76.61703726,39.3300251
G24051001202024,Maryland,Baltimore city,120202,4,1294,883,0.682380216,411,49770,0,0,-76.61461807,39.32572261
G24051001202025,Maryland,Baltimore city,120202,5,616,264,0.428571429,352,31932,1,1,-76.61660103,39.32565659
G24051001203001,Maryland,Baltimore city,120300,1,1011,400,0.395647873,611,54602,1,0,-76.61258318,39.32275175
G24051001203002,Maryland,Baltimore city,120300,2,1050,433,0.412380952,617,68266,1,0,-76.61258537,39.32146684
G24051001203003,Maryland,Baltimore city,120300,3,862,433,0.502320186,429,83625,0,0,-76.61249239,39.32016679
G24051001203004,Maryland,Baltimore city,120300,4,1230,425,0.345528455,805,36188,1,1,-76.61239755,39.31796586
G24051001204001,Maryland,Baltimore city,120400,1,786,194,0.246819338,592,39458,1,1,-76.61195304,39.31276031
G24051001204002,Maryland,Baltimore city,120400,2,1056,325,0.307765152,731,28000,1,1,-76.6129145,39.315159
G24051001205001,Maryland,Baltimore city,120500,1,824,270,0.327669903,554,42050,1,1,-76.61679504,39.30941145
G24051001205002,Maryland,Baltimore city,120500,2,1366,526,0.385065886,840,53125,1,0,-76.61130013,39.30778415
G24051001206001,Maryland,Baltimore city,120600,1,857,388,0.452742124,469,42115,1,1,-76.61781414,39.3219054
G24051001206002,Maryland,Baltimore city,120600,2,1267,531,0.419100237,736,46563,1,1,-76.61758333,39.31794005
G24051001206003,Maryland,Baltimore city,120600,3,690,170,0.246376812,520,15942,1,1,-76.61727206,39.3131276
G24051001207001,Maryland,Baltimore city,120700,1,686,507,0.739067055,179,68889,0,0,-76.62366379,39.32367857
G24051001207002,Maryland,Baltimore city,120700,2,682,426,0.624633431,256,57782,0,0,-76.6227882,39.32076637
G24051001207003,Maryland,Baltimore city,120700,3,839,583,0.694874851,256,83417,0,0,-76.62393514,39.3158324
G24051001301001,Maryland,Baltimore city,130100,1,207,67,0.323671498,140,26185,1,1,-76.63019888,39.31516865
G24051001301002,Maryland,Baltimore city,130100,2,894,34,0.03803132,860,9553,1,1,-76.63271498,39.31563205
G24051001301003,Maryland,Baltimore city,130100,3,896,174,0.194196429,722,37045,1,1,-76.63621907,39.31543215
G24051001301004,Maryland,Baltimore city,130100,4,561,95,0.169340463,466,31957,1,1,-76.63849407,39.31420632
G24051001302001,Maryland,Baltimore city,130200,1,892,294,0.329596413,598,92621,1,0,-76.62745991,39.31238711
G24051001302002,Maryland,Baltimore city,130200,2,558,0,0,558,58578.33333,1,0,-76.62998717,39.3115491
G24051001302003,Maryland,Baltimore city,130200,3,528,74,0.140151515,454,37188,1,1,-76.63411684,39.31214098
G24051001302004,Maryland,Baltimore city,130200,4,773,31,0.040103493,742,45926,1,1,-76.63273803,39.31342369
G24051001303001,Maryland,Baltimore city,130300,1,793,85,0.107187894,708,34087.5,1,1,-76.63740537,39.31217483
G24051001303002,Maryland,Baltimore city,130300,2,563,8,0.014209591,555,45536,1,1,-76.64092515,39.31297287
G24051001303003,Maryland,Baltimore city,130300,3,866,0,0,866,22639,1,1,-76.64272133,39.31203942
G24051001304001,Maryland,Baltimore city,130400,1,632,61,0.096518987,571,25458,1,1,-76.64440162,39.32289499
G24051001304002,Maryland,Baltimore city,130400,2,762,63,0.082677165,699,37019,1,1,-76.64506593,39.31526683
G24051001304003,Maryland,Baltimore city,130400,3,777,23,0.02960103,754,27344,1,1,-76.648379,39.31685601
G24051001306001,Maryland,Baltimore city,130600,1,1220,1017,0.833606557,203,110046,0,0,-76.62939201,39.32367998
G24051001306002,Maryland,Baltimore city,130600,2,703,607,0.86344239,96,106739,0,0,-76.62725287,39.3290349
G24051001306003,Maryland,Baltimore city,130600,3,662,562,0.848942598,100,84531,0,0,-76.63046912,39.32884756
G24051001306004,Maryland,Baltimore city,130600,4,1029,922,0.896015549,107,113190,0,0,-76.63303614,39.33022699
G24051001307001,Maryland,Baltimore city,130700,1,642,441,0.686915888,201,36917,0,1,-76.6314541,39.33866811
G24051001307002,Maryland,Baltimore city,130700,2,947,793,0.837381204,154,93125,0,0,-76.62705645,39.33599074
G24051001307003,Maryland,Baltimore city,130700,3,421,349,0.828978622,72,92426,0,0,-76.62674612,39.33305038
G24051001307004,Maryland,Baltimore city,130700,4,479,393,0.82045929,86,45313,0,1,-76.63471261,39.33531744
G24051001307005,Maryland,Baltimore city,130700,5,1161,912,0.785529716,249,75645,0,0,-76.63653436,39.34047887
G24051001307006,Maryland,Baltimore city,130700,6,1084,942,0.86900369,142,81983,0,0,-76.63062306,39.33499244
G24051001308031,Maryland,Baltimore city,130803,1,540,403,0.746296296,137,73047,0,0,-76.64475631,39.33974142
G24051001308032,Maryland,Baltimore city,130803,2,1040,629,0.604807692,411,56250,0,0,-76.64284843,39.34245845
G24051001308033,Maryland,Baltimore city,130803,3,863,577,0.668597914,286,89844,0,0,-76.64153134,39.3391863
G24051001308041,Maryland,Baltimore city,130804,1,982,841,0.856415479,141,56544,0,0,-76.63979007,39.33449303
G24051001308042,Maryland,Baltimore city,130804,2,1011,832,0.822947577,179,76042,0,0,-76.63747763,39.32914324
G24051001308051,Maryland,Baltimore city,130805,1,1017,173,0.170108161,844,51750,1,0,-76.65353736,39.35047947
G24051001308061,Maryland,Baltimore city,130806,1,1423,1026,0.721011947,397,92885,0,0,-76.65031725,39.33647205
G24051001401001,Maryland,Baltimore city,140100,1,1028,536,0.521400778,492,58167,0,0,-76.62271277,39.30798246
G24051001401002,Maryland,Baltimore city,140100,2,975,449,0.460512821,526,43750,1,1,-76.6266461,39.30969512
G24051001401003,Maryland,Baltimore city,140100,3,894,178,0.199105145,716,61851,1,0,-76.62999918,39.30870606
G24051001401004,Maryland,Baltimore city,140100,4,1558,716,0.459563543,842,83636,1,0,-76.62514261,39.30572521
G24051001402001,Maryland,Baltimore city,140200,1,844,57,0.067535545,787,16458,1,1,-76.62965225,39.30563819
G24051001402002,Maryland,Baltimore city,140200,2,1031,22,0.021338506,1009,27159,1,1,-76.63166433,39.30437599
G24051001402003,Maryland,Baltimore city,140200,3,347,0,0,347,21808.5,1,1,-76.63444784,39.30304351
G24051001402004,Maryland,Baltimore city,140200,4,684,0,0,684,21808.5,1,1,-76.63327171,39.30108639
G24051001403001,Maryland,Baltimore city,140300,1,481,34,0.070686071,447,17917,1,1,-76.63543658,39.30945591
G24051001403002,Maryland,Baltimore city,140300,2,355,0,0,355,36905.66667,1,1,-76.63913497,39.30878307
G24051001403003,Maryland,Baltimore city,140300,3,509,79,0.155206287,430,45208,1,1,-76.63306714,39.3077254
G24051001403004,Maryland,Baltimore city,140300,4,587,0,0,587,47592,1,0,-76.63617513,39.30615092
G24051001501001,Maryland,Baltimore city,150100,1,400,31,0.0775,369,21196,1,1,-76.64275501,39.30875049
G24051001501002,Maryland,Baltimore city,150100,2,941,0,0,941,21196,1,1,-76.64163211,39.3067755
G24051001501003,Maryland,Baltimore city,150100,3,831,55,0.066185319,776,21196,1,1,-76.6413913,39.30455688
G24051001502001,Maryland,Baltimore city,150200,1,540,0,0,540,44219,1,1,-76.64860855,39.30497366
G24051001502002,Maryland,Baltimore city,150200,2,724,0,0,724,35272,1,1,-76.6464089,39.30661933
G24051001502003,Maryland,Baltimore city,150200,3,1066,0,0,1066,30093,1,1,-76.64809959,39.30884546
G24051001503001,Maryland,Baltimore city,150300,1,481,0,0,481,35357,1,1,-76.65359332,39.30863628
G24051001503002,Maryland,Baltimore city,150300,2,1049,0,0,1049,48056,1,0,-76.65277198,39.30593671
G24051001503003,Maryland,Baltimore city,150300,3,549,23,0.041894353,526,54205,1,0,-76.65697148,39.30696635
G24051001504001,Maryland,Baltimore city,150400,1,700,0,0,700,18299,1,1,-76.64931678,39.31372798
G24051001504002,Maryland,Baltimore city,150400,2,967,0,0,967,31477,1,1,-76.6475102,39.31087833
G24051001504003,Maryland,Baltimore city,150400,3,2157,14,0.006490496,2143,39514,1,1,-76.65568037,39.3125256
G24051001505001,Maryland,Baltimore city,150500,1,839,17,0.020262217,822,33750,1,1,-76.65957171,39.32312239
G24051001505002,Maryland,Baltimore city,150500,2,638,5,0.007836991,633,32645,1,1,-76.65793298,39.31820175
G24051001506001,Maryland,Baltimore city,150600,1,681,0,0,681,38500,1,1,-76.66159026,39.31082356
G24051001506002,Maryland,Baltimore city,150600,2,334,0,0,334,21688.33333,1,1,-76.66224434,39.30694589
G24051001506003,Maryland,Baltimore city,150600,3,214,0,0,214,21688.33333,1,1,-76.665795,39.3078
G24051001506004,Maryland,Baltimore city,150600,4,371,0,0,371,16810,1,1,-76.67472719,39.30828815
G24051001506005,Maryland,Baltimore city,150600,5,1126,76,0.06749556,1050,31445,1,1,-76.67001856,39.3100754
G24051001507011,Maryland,Baltimore city,150701,1,298,0,0,298,26065,1,1,-76.66782613,39.31891237
G24051001507012,Maryland,Baltimore city,150701,2,381,0,0,381,64063,1,0,-76.67238865,39.31657857
G24051001507013,Maryland,Baltimore city,150701,3,920,60,0.065217391,860,52159,1,0,-76.67083052,39.31503222
G24051001507021,Maryland,Baltimore city,150702,1,880,0,0,880,51875,1,0,-76.66371697,39.31296733
G24051001507022,Maryland,Baltimore city,150702,2,882,18,0.020408163,864,70500,1,0,-76.66777642,39.31281443
G24051001507023,Maryland,Baltimore city,150702,3,377,0,0,377,24716,1,1,-76.67192549,39.31267206
G24051001508001,Maryland,Baltimore city,150800,1,822,0,0,822,28702,1,1,-76.6746989,39.32351542
G24051001508002,Maryland,Baltimore city,150800,2,774,0,0,774,24375,1,1,-76.67759024,39.31247491
G24051001508003,Maryland,Baltimore city,150800,3,1637,9,0.005497862,1628,67727,1,0,-76.67642162,39.31817482
G24051001508004,Maryland,Baltimore city,150800,4,660,0,0,660,43789.6,1,1,-76.67977468,39.31609552
G24051001508005,Maryland,Baltimore city,150800,5,718,14,0.019498607,704,51000,1,0,-76.68019369,39.3204509
G24051001508006,Maryland,Baltimore city,150800,6,108,0,0,108,98144,1,0,-76.67940675,39.32449003
G24051001509001,Maryland,Baltimore city,150900,1,1159,41,0.035375324,1118,40612,1,1,-76.68530084,39.32370846
G24051001509002,Maryland,Baltimore city,150900,2,1185,0,0,1185,82500,1,0,-76.6856602,39.32076438
G24051001509003,Maryland,Baltimore city,150900,3,550,9,0.016363636,541,78661,1,0,-76.68417561,39.31733737
G24051001509004,Maryland,Baltimore city,150900,4,477,0,0,477,32021,1,1,-76.68322854,39.30931595
G24051001510001,Maryland,Baltimore city,151000,1,513,9,0.01754386,504,37070.25,1,1,-76.68127422,39.33917219
G24051001510002,Maryland,Baltimore city,151000,2,970,38,0.039175258,932,43029,1,1,-76.68148496,39.3350589
G24051001510003,Maryland,Baltimore city,151000,3,386,9,0.023316062,377,43029,1,1,-76.68640934,39.3393131
G24051001510004,Maryland,Baltimore city,151000,4,324,25,0.077160494,299,27140,1,1,-76.68647899,39.32575364
G24051001510005,Maryland,Baltimore city,151000,5,1548,52,0.033591731,1496,47174,1,1,-76.68341228,39.32914258
G24051001510006,Maryland,Baltimore city,151000,6,439,3,0.006833713,436,30938,1,1,-76.68641396,39.33220492
G24051001510007,Maryland,Baltimore city,151000,7,614,0,0,614,43029,1,1,-76.68694766,39.33582082
G24051001511001,Maryland,Baltimore city,151100,1,1375,0,0,1375,38204,1,1,-76.67683741,39.33739541
G24051001511002,Maryland,Baltimore city,151100,2,1466,0,0,1466,51479,1,0,-76.66961428,39.3328843
G24051001511003,Maryland,Baltimore city,151100,3,1132,103,0.090989399,1029,55212,1,0,-76.66655185,39.32604368
G24051001511004,Maryland,Baltimore city,151100,4,785,22,0.028025478,763,60300,1,0,-76.67090502,39.32706053
G24051001511005,Maryland,Baltimore city,151100,5,576,0,0,576,43988,1,1,-76.67641333,39.33346514
G24051001511006,Maryland,Baltimore city,151100,6,2106,20,0.009496676,2086,61845,1,0,-76.67600473,39.32907965
G24051001512001,Maryland,Baltimore city,151200,1,1876,237,0.126332623,1639,16484,1,1,-76.65705841,39.33166802
G24051001512002,Maryland,Baltimore city,151200,2,688,0,0,688,21748.66667,1,1,-76.65919543,39.32794708
G24051001512003,Maryland,Baltimore city,151200,3,270,0,0,270,26850,1,1,-76.66298388,39.32939361
G24051001512004,Maryland,Baltimore city,151200,4,412,11,0.026699029,401,21748.66667,1,1,-76.66246602,39.33206782
G24051001512005,Maryland,Baltimore city,151200,5,867,0,0,867,21912,1,1,-76.65996392,39.33296581
G24051001513001,Maryland,Baltimore city,151300,1,1715,0,0,1715,38361,1,1,-76.65994171,39.33909697
G24051001513002,Maryland,Baltimore city,151300,2,566,27,0.04770318,539,36452,1,1,-76.66058579,39.33685282
G24051001513003,Maryland,Baltimore city,151300,3,317,0,0,317,31134,1,1,-76.66475152,39.33894711
G24051001513004,Maryland,Baltimore city,151300,4,837,14,0.016726404,823,47875,1,0,-76.66701351,39.33619365
G24051001513005,Maryland,Baltimore city,151300,5,944,61,0.064618644,883,28438,1,1,-76.67326701,39.33940449
G24051001601001,Maryland,Baltimore city,160100,1,156,0,0,156,29616,1,1,-76.63746752,39.30189506
G24051001601002,Maryland,Baltimore city,160100,2,307,0,0,307,30956,1,1,-76.63684443,39.29984153
G24051001601003,Maryland,Baltimore city,160100,3,995,37,0.03718593,958,25729,1,1,-76.63437397,39.29640138
G24051001601004,Maryland,Baltimore city,160100,4,478,40,0.083682008,438,32163,1,1,-76.63718229,39.29668094
G24051001602001,Maryland,Baltimore city,160200,1,1116,10,0.008960573,1106,12825,1,1,-76.6408269,39.30201096
G24051001602002,Maryland,Baltimore city,160200,2,713,0,0,713,12825,1,1,-76.64152648,39.29825145
G24051001602003,Maryland,Baltimore city,160200,3,650,46,0.070769231,604,12825,1,1,-76.63994751,39.29639878
G24051001603001,Maryland,Baltimore city,160300,1,429,22,0.051282051,407,14640,1,1,-76.64454418,39.30100647
G24051001603002,Maryland,Baltimore city,160300,2,539,29,0.05380334,510,14640,1,1,-76.64427641,39.29641294
G24051001604001,Maryland,Baltimore city,160400,1,375,17,0.045333333,358,29568.5,1,1,-76.64867061,39.30090483
G24051001604002,Maryland,Baltimore city,160400,2,449,8,0.017817372,441,29568.5,1,1,-76.64717138,39.29927685
G24051001604003,Maryland,Baltimore city,160400,3,551,4,0.007259528,547,31369,1,1,-76.64942673,39.29688737
G24051001604004,Maryland,Baltimore city,160400,4,562,0,0,562,27768,1,1,-76.64751641,39.29540927
G24051001605001,Maryland,Baltimore city,160500,1,1255,0,0,1255,43986,1,1,-76.65534897,39.30238016
G24051001605002,Maryland,Baltimore city,160500,2,885,0,0,885,24375,1,1,-76.65274183,39.29673483
G24051001605003,Maryland,Baltimore city,160500,3,468,0,0,468,19471,1,1,-76.65487591,39.29415392
G24051001605004,Maryland,Baltimore city,160500,4,782,0,0,782,31718.5,1,1,-76.65747076,39.29613862
G24051001605005,Maryland,Baltimore city,160500,5,544,0,0,544,39042,1,1,-76.65751147,39.29954055
G24051001606001,Maryland,Baltimore city,160600,1,673,0,0,673,59583,1,0,-76.66581318,39.29811382
G24051001606002,Maryland,Baltimore city,160600,2,1029,0,0,1029,59583,1,0,-76.66171758,39.29799022
G24051001606003,Maryland,Baltimore city,160600,3,475,0,0,475,59583,1,0,-76.6624127,39.2943025
G24051001606004,Maryland,Baltimore city,160600,4,611,36,0.058919804,575,59583,1,0,-76.66471538,39.29599273
G24051001606005,Maryland,Baltimore city,160600,5,478,27,0.056485356,451,59583,1,0,-76.66817944,39.29613361
G24051001607001,Maryland,Baltimore city,160700,1,361,0,0,361,41250,1,1,-76.66297364,39.30446788
G24051001607002,Maryland,Baltimore city,160700,2,700,0,0,700,36724,1,1,-76.66308108,39.30144958
G24051001607003,Maryland,Baltimore city,160700,3,610,0,0,610,20898,1,1,-76.66693247,39.30056465
G24051001607004,Maryland,Baltimore city,160700,4,1036,0,0,1036,28929,1,1,-76.67046455,39.30078748
G24051001607005,Maryland,Baltimore city,160700,5,682,0,0,682,58214,1,0,-76.66770753,39.30429089
G24051001607006,Maryland,Baltimore city,160700,6,337,15,0.044510386,322,41944,1,1,-76.66972768,39.30513464
G24051001607007,Maryland,Baltimore city,160700,7,817,0,0,817,32833,1,1,-76.6709117,39.30615405
G24051001608011,Maryland,Baltimore city,160801,1,779,0,0,779,32199,1,1,-76.68463762,39.30087938
G24051001608012,Maryland,Baltimore city,160801,2,545,0,0,545,49000,1,0,-76.68384533,39.29855996
G24051001608013,Maryland,Baltimore city,160801,3,691,6,0.008683068,685,52992,1,0,-76.68376225,39.29707133
G24051001608014,Maryland,Baltimore city,160801,4,1037,0,0,1037,53729,1,0,-76.6836525,39.29506331
G24051001608021,Maryland,Baltimore city,160802,1,1099,0,0,1099,34667,1,1,-76.67554088,39.29628646
G24051001608022,Maryland,Baltimore city,160802,2,1147,6,0.005231037,1141,46932,1,1,-76.6773545,39.29474457
G24051001608023,Maryland,Baltimore city,160802,3,1122,4,0.003565062,1118,43869,1,1,-76.68027335,39.30120679
G24051001701001,Maryland,Baltimore city,170100,1,882,350,0.396825397,532,31792,1,1,-76.62145006,39.29784394
G24051001701002,Maryland,Baltimore city,170100,2,712,71,0.099719101,641,30208,1,1,-76.62473,39.29608126
G24051001702001,Maryland,Baltimore city,170200,1,1678,61,0.036352801,1617,14570,1,1,-76.6257166,39.29991011
G24051001702002,Maryland,Baltimore city,170200,2,571,75,0.131348511,496,13257,1,1,-76.62838152,39.30215736
G24051001702003,Maryland,Baltimore city,170200,3,456,72,0.157894737,384,11944,1,1,-76.62231261,39.30267215
G24051001703001,Maryland,Baltimore city,170300,1,867,0,0,867,15938,1,1,-76.63166666,39.29869387
G24051001703002,Maryland,Baltimore city,170300,2,900,27,0.03,873,38125,1,1,-76.62956445,39.29619853
G24051001801001,Maryland,Baltimore city,180100,1,1057,0,0,1057,19191,1,1,-76.6297594,39.29248653
G24051001801002,Maryland,Baltimore city,180100,2,1128,5,0.004432624,1123,11215,1,1,-76.63199867,39.29078739
G24051001802001,Maryland,Baltimore city,180200,1,361,58,0.16066482,303,26029,1,1,-76.6364326,39.29208301
G24051001802002,Maryland,Baltimore city,180200,2,586,29,0.049488055,557,23250,1,1,-76.63535467,39.28981731
G24051001803001,Maryland,Baltimore city,180300,1,790,417,0.527848101,373,51736,0,0,-76.63227098,39.2879744
G24051001803002,Maryland,Baltimore city,180300,2,942,362,0.384288747,580,39018,1,1,-76.63380573,39.28656736
G24051001901001,Maryland,Baltimore city,190100,1,440,0,0,440,32250,1,1,-76.64192334,39.29310586
G24051001901002,Maryland,Baltimore city,190100,2,737,17,0.023066486,720,26061,1,1,-76.64021936,39.29050256
G24051001901003,Maryland,Baltimore city,190100,3,1128,59,0.052304965,1069,19511,1,1,-76.64362378,39.29004178
G24051001902001,Maryland,Baltimore city,190200,1,699,254,0.363376252,445,43846,1,1,-76.64019183,39.28698148
G24051001902002,Maryland,Baltimore city,190200,2,839,317,0.377830751,522,43846,1,1,-76.64015432,39.28346016
G24051001903001,Maryland,Baltimore city,190300,1,372,145,0.389784946,227,25391,1,1,-76.64371728,39.28680865
G24051001903002,Maryland,Baltimore city,190300,2,426,49,0.115023474,377,15200,1,1,-76.64528989,39.28583724
G24051001903003,Maryland,Baltimore city,190300,3,302,151,0.5,151,19342,0,1,-76.64440037,39.28377702
G24051001903004,Maryland,Baltimore city,190300,4,1058,352,0.332703214,706,19583,1,1,-76.64429534,39.28146771
G24051002001001,Maryland,Baltimore city,200100,1,699,2,0.00286123,697,33750,1,1,-76.64822912,39.29211259
G24051002001002,Maryland,Baltimore city,200100,2,1125,30,0.026666667,1095,30441,1,1,-76.64733168,39.2896033
G24051002002001,Maryland,Baltimore city,200200,1,445,0,0,445,28534,1,1,-76.65322189,39.29198862
G24051002002002,Maryland,Baltimore city,200200,2,292,0,0,292,22462,1,1,-76.65155697,39.28920376
G24051002002003,Maryland,Baltimore city,200200,3,409,0,0,409,29816,1,1,-76.65430031,39.28910618
G24051002002004,Maryland,Baltimore city,200200,4,530,22,0.041509434,508,29816,1,1,-76.65738302,39.28889259
G24051002002005,Maryland,Baltimore city,200200,5,396,68,0.171717172,328,38452,1,1,-76.66233196,39.29119352
G24051002003001,Maryland,Baltimore city,200300,1,357,65,0.182072829,292,19833,1,1,-76.64840506,39.28614661
G24051002003002,Maryland,Baltimore city,200300,2,999,251,0.251251251,748,19833,1,1,-76.64801806,39.28209648
G24051002004001,Maryland,Baltimore city,200400,1,660,29,0.043939394,631,32344,1,1,-76.65337156,39.2862502
G24051002004002,Maryland,Baltimore city,200400,2,859,14,0.016298021,845,28125,1,1,-76.65813025,39.28504094
G24051002005001,Maryland,Baltimore city,200500,1,53,12,0.226415094,41,44495.75,1,1,-76.6511836,39.28413986
G24051002005002,Maryland,Baltimore city,200500,2,669,51,0.076233184,618,88431,1,0,-76.65420852,39.28239514
G24051002005003,Maryland,Baltimore city,200500,3,484,100,0.20661157,384,33500,1,1,-76.65064266,39.28100343
G24051002005004,Maryland,Baltimore city,200500,4,404,104,0.257425743,300,28167,1,1,-76.65348652,39.27866841
G24051002005005,Maryland,Baltimore city,200500,5,1099,360,0.327570519,739,27885,1,1,-76.65804802,39.28002928
G24051002006001,Maryland,Baltimore city,200600,1,687,371,0.540029112,316,38380,0,1,-76.66526437,39.28428662
G24051002006002,Maryland,Baltimore city,200600,2,530,108,0.203773585,422,33625,1,1,-76.66912458,39.27974422
G24051002006003,Maryland,Baltimore city,200600,3,1094,6,0.005484461,1088,43750,1,1,-76.67025899,39.28617744
G24051002007011,Maryland,Baltimore city,200701,1,991,9,0.009081736,982,34595,1,1,-76.67404195,39.2922944
G24051002007012,Maryland,Baltimore city,200701,2,979,34,0.034729316,945,41458,1,1,-76.67373772,39.28814123
G24051002007013,Maryland,Baltimore city,200701,3,947,22,0.023231257,925,46205,1,1,-76.67643443,39.29017984
G24051002007014,Maryland,Baltimore city,200701,4,1309,9,0.006875477,1300,53125,1,0,-76.6833171,39.28956051
G24051002007015,Maryland,Baltimore city,200701,5,571,1,0.001751313,570,16029,1,1,-76.67803816,39.29289504
G24051002007021,Maryland,Baltimore city,200702,1,340,0,0,340,61429,1,0,-76.67412891,39.28394414
G24051002007022,Maryland,Baltimore city,200702,2,686,7,0.010204082,679,44451,1,1,-76.67726086,39.28565286
G24051002008001,Maryland,Baltimore city,200800,1,638,17,0.026645768,621,33929,1,1,-76.67820582,39.27872711
G24051002008002,Maryland,Baltimore city,200800,2,976,102,0.104508197,874,50321,1,0,-76.68519952,39.28402109
G24051002008003,Maryland,Baltimore city,200800,3,556,13,0.023381295,543,60000,1,0,-76.67922442,39.28276706
G24051002101001,Maryland,Baltimore city,210100,1,715,338,0.472727273,377,75417,1,0,-76.62671575,39.27605856
G24051002101002,Maryland,Baltimore city,210100,2,1755,431,0.245584046,1324,71250,1,0,-76.62801854,39.28258377
G24051002102001,Maryland,Baltimore city,210200,1,1657,397,0.23958962,1260,53929,1,0,-76.64167067,39.27529143
G24051002102002,Maryland,Baltimore city,210200,2,1872,706,0.377136752,1166,33390,1,1,-76.63441636,39.28360049
G24051002201001,Maryland,Baltimore city,220100,1,1047,686,0.655205349,361,69485,0,0,-76.62248956,39.28362642
G24051002201002,Maryland,Baltimore city,220100,2,2188,1554,0.71023766,634,59719,0,0,-76.61605338,39.28338126
G24051002201003,Maryland,Baltimore city,220100,3,210,130,0.619047619,80,146696,0,0,-76.60887459,39.28359752
G24051002201004,Maryland,Baltimore city,220100,4,1002,827,0.825349301,175,128393,0,0,-76.61194937,39.27979719
G24051002301001,Maryland,Baltimore city,230100,1,942,766,0.813163482,176,95000,0,0,-76.61716268,39.27433698
G24051002301002,Maryland,Baltimore city,230100,2,930,234,0.251612903,696,69688,1,0,-76.61696906,39.27737223
G24051002302001,Maryland,Baltimore city,230200,1,785,719,0.915923567,66,102784,0,0,-76.61326021,39.2760936
G24051002302002,Maryland,Baltimore city,230200,2,1197,882,0.736842105,315,111886,0,0,-76.61372349,39.27179853
G24051002303001,Maryland,Baltimore city,230300,1,262,220,0.839694656,42,106477,0,0,-76.61519208,39.26571655
G24051002303002,Maryland,Baltimore city,230300,2,1146,955,0.833333333,191,101810,0,0,-76.61421065,39.26983676
G24051002401001,Maryland,Baltimore city,240100,1,2629,2261,0.860022822,368,152063,0,0,-76.59084995,39.27029377
G24051002401002,Maryland,Baltimore city,240100,2,691,674,0.975397974,17,127396,0,0,-76.58773861,39.26521654
G24051002402001,Maryland,Baltimore city,240200,1,1941,1593,0.820710974,348,133646,0,0,-76.60325319,39.27481297
G24051002402002,Maryland,Baltimore city,240200,2,805,744,0.924223602,61,124000,0,0,-76.60720505,39.2751168
G24051002403001,Maryland,Baltimore city,240300,1,747,518,0.693440428,229,100357,0,0,-76.61078374,39.27756514
G24051002403002,Maryland,Baltimore city,240300,2,692,561,0.810693642,131,135694,0,0,-76.61024107,39.27531756
G24051002403003,Maryland,Baltimore city,240300,3,538,455,0.845724907,83,140625,0,0,-76.61035758,39.27366222
G24051002404001,Maryland,Baltimore city,240400,1,1014,940,0.927021696,74,99231,0,0,-76.60910838,39.27066352
G24051002404002,Maryland,Baltimore city,240400,2,501,468,0.934131737,33,92917,0,0,-76.60338212,39.26488921
G24051002404003,Maryland,Baltimore city,240400,3,1206,1090,0.903814262,116,133750,0,0,-76.60511878,39.27101004
G24051002501011,Maryland,Baltimore city,250101,1,1262,252,0.199683043,1010,36375,1,1,-76.69690935,39.27873149
G24051002501012,Maryland,Baltimore city,250101,2,2854,269,0.094253679,2585,65948,1,0,-76.70142365,39.27662302
G24051002501021,Maryland,Baltimore city,250102,1,1140,68,0.059649123,1072,55739,1,0,-76.68920673,39.27828403
G24051002501022,Maryland,Baltimore city,250102,2,1592,102,0.064070352,1490,44688,1,1,-76.69157426,39.27601355
G24051002501031,Maryland,Baltimore city,250103,1,1346,630,0.468053492,716,20811,1,1,-76.67319439,39.27078835
G24051002501032,Maryland,Baltimore city,250103,2,560,351,0.626785714,209,47250,0,0,-76.67088173,39.26356914
G24051002501033,Maryland,Baltimore city,250103,3,930,746,0.802150538,184,53464,0,0,-76.67967704,39.26817396
G24051002501034,Maryland,Baltimore city,250103,4,542,113,0.208487085,429,60787,1,0,-76.68470533,39.27216206
G24051002502031,Maryland,Baltimore city,250203,1,1129,184,0.162976085,945,42643,1,1,-76.61627389,39.24808068
G24051002502032,Maryland,Baltimore city,250203,2,811,62,0.076448829,749,31917,1,1,-76.62082564,39.24840213
G24051002502041,Maryland,Baltimore city,250204,1,1407,21,0.014925373,1386,22150,1,1,-76.62318064,39.24476162
G24051002502042,Maryland,Baltimore city,250204,2,2905,61,0.020998279,2844,15279,1,1,-76.62968697,39.24866721
G24051002502051,Maryland,Baltimore city,250205,1,45,36,0.8,9,43001,0,1,-76.63385282,39.24741672
G24051002502052,Maryland,Baltimore city,250205,2,1706,168,0.098475967,1538,43263,1,1,-76.64394204,39.25270206
G24051002502053,Maryland,Baltimore city,250205,3,545,93,0.170642202,452,43001,1,1,-76.64395956,39.25579194
G24051002502054,Maryland,Baltimore city,250205,4,1003,143,0.142572283,860,41131,1,1,-76.65036806,39.25685496
G24051002502055,Maryland,Baltimore city,250205,5,709,254,0.358251058,455,44609,1,1,-76.65103721,39.25308554
G24051002502061,Maryland,Baltimore city,250206,1,803,621,0.773349938,182,41875,0,1,-76.66221984,39.27143187
G24051002502062,Maryland,Baltimore city,250206,2,782,423,0.540920716,359,68940,0,0,-76.65784308,39.26013173
G24051002502063,Maryland,Baltimore city,250206,3,665,511,0.768421053,154,55469,0,0,-76.66120653,39.26494126
G24051002502071,Maryland,Baltimore city,250207,1,1234,64,0.051863857,1170,40956,1,1,-76.62762995,39.25445786
G24051002502072,Maryland,Baltimore city,250207,2,1103,21,0.019038985,1082,31806,1,1,-76.6233094,39.25171825
G24051002503011,Maryland,Baltimore city,250301,1,876,104,0.118721461,772,69107,1,0,-76.63435173,39.26124108
G24051002503012,Maryland,Baltimore city,250301,2,1427,22,0.015416959,1405,20000,1,1,-76.63987252,39.26482812
G24051002503031,Maryland,Baltimore city,250303,1,570,373,0.654385965,197,42159,0,1,-76.64585241,39.26672415
G24051002503032,Maryland,Baltimore city,250303,2,1257,530,0.421638823,727,41094,1,1,-76.65071373,39.26618368
G24051002503033,Maryland,Baltimore city,250303,3,402,214,0.532338308,188,22143,0,1,-76.6520916,39.26945305
G24051002504011,Maryland,Baltimore city,250401,1,1765,1028,0.582436261,737,38628,0,1,-76.60338806,39.23856888
G24051002504012,Maryland,Baltimore city,250401,2,687,425,0.618631732,262,45000,0,1,-76.60616264,39.23447534
G24051002504013,Maryland,Baltimore city,250401,3,1507,303,0.201061712,1204,52184,1,0,-76.61234637,39.23699027
G24051002504021,Maryland,Baltimore city,250402,1,1012,278,0.274703557,734,53500,1,0,-76.59872686,39.232716
G24051002504022,Maryland,Baltimore city,250402,2,793,0,0,793,2499,1,1,-76.60016825,39.22917018
G24051002504023,Maryland,Baltimore city,250402,3,851,282,0.331374853,569,41136,1,1,-76.60343891,39.22860795
G24051002504024,Maryland,Baltimore city,250402,4,1958,754,0.385086823,1204,56920,1,0,-76.60195321,39.23347326
G24051002505002,Maryland,Baltimore city,250500,2,30,0,0,30,40052.66667,1,1,-76.58697711,39.22371813
G24051002505003,Maryland,Baltimore city,250500,3,1368,872,0.637426901,496,48571,0,0,-76.59318065,39.22451484
G24051002505004,Maryland,Baltimore city,250500,4,724,340,0.46961326,384,35000,1,1,-76.58954887,39.22961672
G24051002505005,Maryland,Baltimore city,250500,5,2130,1091,0.512206573,1039,36587,0,1,-76.5946445,39.23053632
G24051002601011,Maryland,Baltimore city,260101,1,1440,174,0.120833333,1266,76500,1,0,-76.53355973,39.34934778
G24051002601012,Maryland,Baltimore city,260101,2,987,168,0.170212766,819,67946,1,0,-76.53135321,39.34623613
G24051002601013,Maryland,Baltimore city,260101,3,1252,125,0.099840256,1127,44906,1,1,-76.53289363,39.33899518
G24051002601014,Maryland,Baltimore city,260101,4,483,60,0.124223602,423,54205,1,0,-76.53970479,39.34015995
G24051002601015,Maryland,Baltimore city,260101,5,954,404,0.423480084,550,65568,1,0,-76.53809899,39.34378619
G24051002601021,Maryland,Baltimore city,260102,1,1137,4,0.00351803,1133,59432,1,0,-76.53219668,39.33388958
G24051002601022,Maryland,Baltimore city,260102,2,511,51,0.099804305,460,62489.25,1,0,-76.53612508,39.33446129
G24051002601023,Maryland,Baltimore city,260102,3,884,26,0.029411765,858,56713,1,0,-76.5390549,39.33177643
G24051002601024,Maryland,Baltimore city,260102,4,678,88,0.12979351,590,60729,1,0,-76.54282169,39.33744671
G24051002601025,Maryland,Baltimore city,260102,5,1565,183,0.116932907,1382,73083,1,0,-76.54632756,39.33603201
G24051002602011,Maryland,Baltimore city,260201,1,997,181,0.181544634,816,57667,1,0,-76.55309337,39.33423103
G24051002602012,Maryland,Baltimore city,260201,2,1529,437,0.285807717,1092,66466,1,0,-76.54972464,39.33034288
G24051002602013,Maryland,Baltimore city,260201,3,817,108,0.132190942,709,53066,1,0,-76.55661013,39.32976303
G24051002602014,Maryland,Baltimore city,260201,4,2558,83,0.032447224,2475,35065,1,1,-76.54553477,39.32623013
G24051002602021,Maryland,Baltimore city,260202,1,209,56,0.267942584,153,42881,1,1,-76.5613634,39.32889426
G24051002602022,Maryland,Baltimore city,260202,2,2311,88,0.038078754,2223,37302,1,1,-76.5542864,39.32436043
G24051002602023,Maryland,Baltimore city,260202,3,1552,63,0.040592784,1489,51543,1,0,-76.55695903,39.32297408
G24051002602024,Maryland,Baltimore city,260202,4,1609,47,0.02921069,1562,39798,1,1,-76.56347442,39.32636644
G24051002602031,Maryland,Baltimore city,260203,1,1983,6,0.003025719,1977,35150,1,1,-76.54736141,39.31977984
G24051002602032,Maryland,Baltimore city,260203,2,1087,72,0.066237351,1015,103571,1,0,-76.53820908,39.32702121
G24051002603011,Maryland,Baltimore city,260301,1,918,17,0.018518519,901,47212,1,1,-76.56648998,39.32446272
G24051002603012,Maryland,Baltimore city,260301,2,722,179,0.247922438,543,60370,1,0,-76.56261586,39.32218273
G24051002603013,Maryland,Baltimore city,260301,3,937,10,0.010672359,927,50478,1,0,-76.56556819,39.32096566
G24051002603014,Maryland,Baltimore city,260301,4,877,27,0.030786773,850,55500,1,0,-76.56905377,39.32306273
G24051002603015,Maryland,Baltimore city,260301,5,1287,22,0.017094017,1265,41250,1,1,-76.57005288,39.3207982
G24051002603021,Maryland,Baltimore city,260302,1,1066,0,0,1066,0.333333333,1,1,-76.55775273,39.31918887
G24051002603022,Maryland,Baltimore city,260302,2,637,0,0,637,49176,1,0,-76.56033165,39.31773462
G24051002603023,Maryland,Baltimore city,260302,3,574,0,0,574,52575.66667,1,0,-76.56326004,39.31491398
G24051002603024,Maryland,Baltimore city,260302,4,2302,114,0.049522155,2188,37461,1,1,-76.56464944,39.31750798
G24051002603025,Maryland,Baltimore city,260302,5,909,181,0.199119912,728,71090,1,0,-76.56819797,39.31656502
G24051002603026,Maryland,Baltimore city,260302,6,1146,30,0.02617801,1116,52575.66667,1,0,-76.57093141,39.31614272
G24051002603031,Maryland,Baltimore city,260303,1,969,229,0.236326109,740,17000,1,1,-76.56047097,39.3125925
G24051002604011,Maryland,Baltimore city,260401,1,945,339,0.358730159,606,38327.5,1,1,-76.5480737,39.3072016
G24051002604012,Maryland,Baltimore city,260401,2,2616,962,0.367737003,1654,46607,1,1,-76.55598911,39.30609525
G24051002604013,Maryland,Baltimore city,260401,3,587,239,0.407155026,348,30048,1,1,-76.55032432,39.30307295
G24051002604021,Maryland,Baltimore city,260402,1,1459,8,0.005483208,1451,42872,1,1,-76.53656821,39.32150384
G24051002604022,Maryland,Baltimore city,260402,2,1856,138,0.074353448,1718,35045,1,1,-76.5437562,39.31441593
G24051002604031,Maryland,Baltimore city,260403,1,1756,15,0.008542141,1741,31569,1,1,-76.53207223,39.32536566
G24051002604032,Maryland,Baltimore city,260403,2,8,8,1,0,31569,0,1,-76.5358962,39.3117806
G24051002604041,Maryland,Baltimore city,260404,1,40,0,0,40,53704.5,1,0,-76.53995694,39.29993231
G24051002604042,Maryland,Baltimore city,260404,2,588,243,0.413265306,345,67125,1,0,-76.5622757,39.30103486
G24051002604043,Maryland,Baltimore city,260404,3,1433,312,0.217725052,1121,40284,1,1,-76.5663555,39.29604759
G24051002605011,Maryland,Baltimore city,260501,1,2932,1158,0.394952251,1774,62782,1,0,-76.54446778,39.29159258
G24051002605012,Maryland,Baltimore city,260501,2,1404,960,0.683760684,444,56250,0,0,-76.55160147,39.28510961
G24051002605013,Maryland,Baltimore city,260501,3,850,576,0.677647059,274,46524,0,1,-76.53840093,39.28663868
G24051002606041,Maryland,Baltimore city,260604,1,567,53,0.093474427,514,14481,1,1,-76.54144796,39.27969307
G24051002606042,Maryland,Baltimore city,260604,2,248,90,0.362903226,158,31983,1,1,-76.53720213,39.28020315
G24051002606043,Maryland,Baltimore city,260604,3,677,49,0.072378139,628,22417,1,1,-76.53801098,39.27714778
G24051002606051,Maryland,Baltimore city,260605,1,1315,412,0.313307985,903,56957,1,0,-76.53170591,39.27880945
G24051002606052,Maryland,Baltimore city,260605,2,1682,905,0.538049941,777,31985,0,1,-76.53787525,39.27422639
G24051002606053,Maryland,Baltimore city,260605,3,1268,590,0.465299685,678,47969,1,0,-76.54552287,39.27911238
G24051002606054,Maryland,Baltimore city,260605,4,547,288,0.526508227,259,32197,0,1,-76.53354157,39.26252073
G24051002606055,Maryland,Baltimore city,260605,5,135,113,0.837037037,22,42277,0,1,-76.56865054,39.27700757
G24051002607001,Maryland,Baltimore city,260700,1,1593,959,0.602008788,634,102000,0,0,-76.55896954,39.2866356
G24051002607002,Maryland,Baltimore city,260700,2,1340,515,0.384328358,825,77773,1,0,-76.55673016,39.28553133
G24051002608001,Maryland,Baltimore city,260800,1,1147,437,0.380993897,710,35625,1,1,-76.56530424,39.29108923
G24051002608002,Maryland,Baltimore city,260800,2,1185,543,0.458227848,642,66000,1,0,-76.56670424,39.28909724
G24051002609001,Maryland,Baltimore city,260900,1,891,803,0.901234568,88,108264,0,0,-76.56608563,39.28559356
G24051002609002,Maryland,Baltimore city,260900,2,839,676,0.805721097,163,113472,0,0,-76.56411118,39.28318135
G24051002609003,Maryland,Baltimore city,260900,3,1629,1317,0.808471455,312,113375,0,0,-76.56597407,39.2804396
G24051002610001,Maryland,Baltimore city,261000,1,313,18,0.057507987,295,27181,1,1,-76.57121845,39.29822286
G24051002610002,Maryland,Baltimore city,261000,2,1034,19,0.018375242,1015,41383,1,1,-76.57102729,39.29520705
G24051002610003,Maryland,Baltimore city,261000,3,660,51,0.077272727,609,50172,1,0,-76.57088951,39.29234957
G24051002610004,Maryland,Baltimore city,261000,4,817,633,0.774785802,184,71563,0,0,-76.57046894,39.28940656
G24051002611001,Maryland,Baltimore city,261100,1,728,524,0.71978022,204,115750,0,0,-76.57021167,39.28549256
G24051002611002,Maryland,Baltimore city,261100,2,1085,988,0.910599078,97,145833,0,0,-76.56992886,39.28091538
G24051002701011,Maryland,Baltimore city,270101,1,903,497,0.550387597,406,84821,0,0,-76.56924413,39.33595955
G24051002701012,Maryland,Baltimore city,270101,2,735,173,0.23537415,562,58625,1,0,-76.5681587,39.33189882
G24051002701021,Maryland,Baltimore city,270102,1,714,180,0.25210084,534,74750,1,0,-76.55846192,39.34230324
G24051002701022,Maryland,Baltimore city,270102,2,1457,50,0.03431709,1407,59739,1,0,-76.555923,39.33879265
G24051002701023,Maryland,Baltimore city,270102,3,823,139,0.168894289,684,78403,1,0,-76.55943887,39.33475009
G24051002701024,Maryland,Baltimore city,270102,4,780,318,0.407692308,462,58000,1,0,-76.56263707,39.33884508
G24051002702001,Maryland,Baltimore city,270200,1,750,274,0.365333333,476,71875,1,0,-76.57054453,39.33949642
G24051002702002,Maryland,Baltimore city,270200,2,646,444,0.687306502,202,77604,0,0,-76.57682417,39.33986999
G24051002702003,Maryland,Baltimore city,270200,3,474,181,0.38185654,293,110313,1,0,-76.57346624,39.34320585
G24051002703011,Maryland,Baltimore city,270301,1,456,306,0.671052632,150,93750,0,0,-76.56680478,39.35008727
G24051002703012,Maryland,Baltimore city,270301,2,982,368,0.374745418,614,79731,1,0,-76.56942158,39.34601854
G24051002703013,Maryland,Baltimore city,270301,3,724,154,0.212707182,570,68083,1,0,-76.57739717,39.34724465
G24051002703014,Maryland,Baltimore city,270301,4,912,300,0.328947368,612,74808,1,0,-76.57315973,39.35066471
G24051002703021,Maryland,Baltimore city,270302,1,1036,453,0.437258687,583,70000,1,0,-76.56222959,39.34686526
G24051002703022,Maryland,Baltimore city,270302,2,851,360,0.423031727,491,84375,1,0,-76.56508937,39.34340538
G24051002704011,Maryland,Baltimore city,270401,1,2052,690,0.33625731,1362,56750,1,0,-76.54080039,39.34942751
G24051002704012,Maryland,Baltimore city,270401,2,1023,514,0.502443793,509,68704,0,0,-76.54768028,39.34656652
G24051002704013,Maryland,Baltimore city,270401,3,1099,233,0.212010919,866,63726,1,0,-76.55039329,39.3413548
G24051002704014,Maryland,Baltimore city,270401,4,718,170,0.236768802,548,65724,1,0,-76.5540968,39.34429353
G24051002704021,Maryland,Baltimore city,270402,1,696,278,0.399425287,418,74000,1,0,-76.54698335,39.35158544
G24051002704022,Maryland,Baltimore city,270402,2,557,292,0.524236984,265,65391,0,0,-76.55501511,39.34835114
G24051002704023,Maryland,Baltimore city,270402,3,669,289,0.431988042,380,78750,1,0,-76.559358,39.35092374
G24051002704024,Maryland,Baltimore city,270402,4,1870,300,0.160427807,1570,89492,1,0,-76.55397212,39.35349228
G24051002705011,Maryland,Baltimore city,270501,1,622,379,0.609324759,243,75114,0,0,-76.53363237,39.36545718
G24051002705012,Maryland,Baltimore city,270501,2,843,557,0.660735469,286,60093,0,0,-76.54245282,39.36910115
G24051002705013,Maryland,Baltimore city,270501,3,1090,548,0.502752294,542,63229,0,0,-76.53895577,39.36225845
G24051002705014,Maryland,Baltimore city,270501,4,1455,733,0.503780069,722,70750,0,0,-76.54608471,39.36432748
G24051002705021,Maryland,Baltimore city,270502,1,683,280,0.409956076,403,54259,1,0,-76.53504715,39.355618
G24051002705022,Maryland,Baltimore city,270502,2,1253,383,0.305666401,870,74133,1,0,-76.54185324,39.35611356
G24051002705023,Maryland,Baltimore city,270502,3,976,261,0.267418033,715,104808,1,0,-76.5477128,39.35749009
G24051002705024,Maryland,Baltimore city,270502,4,1317,691,0.524677297,626,69034,0,0,-76.55240536,39.35905833
G24051002706001,Maryland,Baltimore city,270600,1,789,404,0.512040558,385,81635,0,0,-76.56742363,39.3551975
G24051002706002,Maryland,Baltimore city,270600,2,873,375,0.429553265,498,82375,1,0,-76.56297532,39.35442042
G24051002706003,Maryland,Baltimore city,270600,3,807,247,0.306071871,560,54922,1,0,-76.56933055,39.35781902
G24051002706004,Maryland,Baltimore city,270600,4,1653,474,0.286751361,1179,85905,1,0,-76.56085292,39.3594074
G24051002706005,Maryland,Baltimore city,270600,5,468,63,0.134615385,405,53966,1,0,-76.56664213,39.36229828
G24051002706006,Maryland,Baltimore city,270600,6,580,0,0,580,56645,1,0,-76.57169117,39.36211692
G24051002707011,Maryland,Baltimore city,270701,1,2106,58,0.027540361,2048,36824,1,1,-76.56641776,39.3699901
G24051002707021,Maryland,Baltimore city,270702,1,674,8,0.011869436,666,52786,1,0,-76.57106533,39.36753805
G24051002707022,Maryland,Baltimore city,270702,2,716,187,0.261173184,529,60833,1,0,-76.56498796,39.36536938
G24051002707023,Maryland,Baltimore city,270702,3,522,338,0.647509579,184,63935,0,0,-76.5562243,39.36173979
G24051002707031,Maryland,Baltimore city,270703,1,1339,745,0.556385362,594,56506,0,0,-76.54916763,39.36997415
G24051002707032,Maryland,Baltimore city,270703,2,899,540,0.600667408,359,104500,0,0,-76.55352338,39.36645775
G24051002707033,Maryland,Baltimore city,270703,3,758,274,0.361477573,484,57629,1,0,-76.5575852,39.36966168
G24051002708011,Maryland,Baltimore city,270801,1,599,89,0.148580968,510,46250,1,1,-76.58561101,39.37050198
G24051002708012,Maryland,Baltimore city,270801,2,825,57,0.069090909,768,57443,1,0,-76.58960145,39.36780512
G24051002708013,Maryland,Baltimore city,270801,3,1371,161,0.117432531,1210,57721,1,0,-76.59747705,39.36846175
G24051002708014,Maryland,Baltimore city,270801,4,1292,267,0.206656347,1025,75644,1,0,-76.5923146,39.37068436
G24051002708021,Maryland,Baltimore city,270802,1,1240,18,0.014516129,1222,55186,1,0,-76.58863722,39.3641158
G24051002708022,Maryland,Baltimore city,270802,2,1481,2,0.001350439,1479,42012,1,1,-76.59113211,39.35816694
G24051002708023,Maryland,Baltimore city,270802,3,759,0,0,759,64351,1,0,-76.59486165,39.35823896
G24051002708024,Maryland,Baltimore city,270802,4,1068,109,0.102059925,959,64351,1,0,-76.59612355,39.36370035
G24051002708025,Maryland,Baltimore city,270802,5,606,0,0,606,95855,1,0,-76.59238764,39.36384371
G24051002708031,Maryland,Baltimore city,270803,1,2466,79,0.032035685,2387,54777,1,0,-76.57646589,39.3624644
G24051002708032,Maryland,Baltimore city,270803,2,1707,173,0.101347393,1534,47064,1,1,-76.58120339,39.36665739
G24051002708033,Maryland,Baltimore city,270803,3,2194,126,0.057429353,2068,48359,1,0,-76.5852174,39.35942937
G24051002708041,Maryland,Baltimore city,270804,1,1228,436,0.35504886,792,57524,1,0,-76.60156455,39.37040883
G24051002708042,Maryland,Baltimore city,270804,2,539,186,0.345083488,353,37024,1,1,-76.60377752,39.36597857
G24051002708043,Maryland,Baltimore city,270804,3,534,394,0.737827715,140,80556,0,0,-76.60562513,39.36751151
G24051002708044,Maryland,Baltimore city,270804,4,689,276,0.400580552,413,80903,1,0,-76.60764073,39.37001865
G24051002708051,Maryland,Baltimore city,270805,1,1243,233,0.187449718,1010,62778,1,0,-76.60030795,39.36274057
G24051002708052,Maryland,Baltimore city,270805,2,1088,44,0.040441176,1044,49965,1,0,-76.59852733,39.3564323
G24051002708053,Maryland,Baltimore city,270805,3,648,36,0.055555556,612,36382,1,1,-76.60384449,39.35704194
G24051002708054,Maryland,Baltimore city,270805,4,1094,69,0.063071298,1025,43458,1,1,-76.60697857,39.35819126
G24051002708055,Maryland,Baltimore city,270805,5,1511,228,0.150893448,1283,77813,1,0,-76.60629332,39.36220391
G24051002709011,Maryland,Baltimore city,270901,1,1314,46,0.03500761,1268,41653,1,1,-76.59318817,39.35235481
G24051002709012,Maryland,Baltimore city,270901,2,1488,117,0.078629032,1371,79338,1,0,-76.59392583,39.34811937
G24051002709013,Maryland,Baltimore city,270901,3,1723,37,0.021474173,1686,50549,1,0,-76.59761369,39.34895027
G24051002709021,Maryland,Baltimore city,270902,1,2063,115,0.055744062,1948,56397,1,0,-76.58078594,39.35109249
G24051002709022,Maryland,Baltimore city,270902,2,1846,93,0.050379198,1753,69063,1,0,-76.58843306,39.3486592
G24051002709023,Maryland,Baltimore city,270902,3,1182,46,0.03891709,1136,66211,1,0,-76.58646006,39.35324896
G24051002709031,Maryland,Baltimore city,270903,1,2176,213,0.097886029,1963,47885,1,0,-76.58600528,39.34256672
G24051002709032,Maryland,Baltimore city,270903,2,2340,436,0.186324786,1904,103307,1,0,-76.59692687,39.34194725
G24051002709033,Maryland,Baltimore city,270903,3,725,0,0,725,39167,1,1,-76.59249553,39.34459475
G24051002710011,Maryland,Baltimore city,271001,1,840,49,0.058333333,791,49408,1,0,-76.60777607,39.34386362
G24051002710012,Maryland,Baltimore city,271001,2,765,13,0.016993464,752,40536,1,1,-76.60265158,39.3434718
G24051002710013,Maryland,Baltimore city,271001,3,910,34,0.037362637,876,33922,1,1,-76.6051361,39.34116438
G24051002710021,Maryland,Baltimore city,271002,1,1630,30,0.018404908,1600,40125,1,1,-76.60114625,39.34977797
G24051002710022,Maryland,Baltimore city,271002,2,601,10,0.016638935,591,58233,1,0,-76.60693779,39.34681148
G24051002710023,Maryland,Baltimore city,271002,3,323,47,0.145510836,276,40625,1,1,-76.60668745,39.34878604
G24051002710024,Maryland,Baltimore city,271002,4,800,12,0.015,788,24722,1,1,-76.6064562,39.35116685
G24051002710025,Maryland,Baltimore city,271002,5,896,31,0.034598214,865,39063,1,1,-76.60616973,39.35373575
G24051002711011,Maryland,Baltimore city,271101,1,1038,458,0.441233141,580,35724,1,1,-76.61297182,39.35289602
G24051002711012,Maryland,Baltimore city,271101,2,49,49,1,0,55987,0,0,-76.61921718,39.34973376
G24051002711013,Maryland,Baltimore city,271101,3,841,497,0.590963139,344,76250,0,0,-76.61283379,39.34859803
G24051002711021,Maryland,Baltimore city,271102,1,3849,2110,0.548194336,1739,250001,0,0,-76.6236108,39.34670374
G24051002711022,Maryland,Baltimore city,271102,2,748,614,0.820855615,134,180441,0,0,-76.61398014,39.34255508
G24051002712001,Maryland,Baltimore city,271200,1,718,557,0.775766017,161,132050,0,0,-76.6136291,39.36976964
G24051002712002,Maryland,Baltimore city,271200,2,1081,743,0.687326549,338,75268,0,0,-76.613482,39.36380259
G24051002712003,Maryland,Baltimore city,271200,3,642,567,0.88317757,75,150046,0,0,-76.61330057,39.35738868
G24051002712004,Maryland,Baltimore city,271200,4,1707,1401,0.820738137,306,247150,0,0,-76.623828,39.3569814
G24051002712005,Maryland,Baltimore city,271200,5,917,708,0.772082879,209,250001,0,0,-76.62096435,39.36255821
G24051002712006,Maryland,Baltimore city,271200,6,1217,1016,0.83483977,201,167464,0,0,-76.62529294,39.36835448
G24051002713001,Maryland,Baltimore city,271300,1,1129,944,0.836138175,185,132222,0,0,-76.6395656,39.36690152
G24051002713002,Maryland,Baltimore city,271300,2,487,328,0.673511294,159,183376.5,0,0,-76.63235452,39.35772764
G24051002713003,Maryland,Baltimore city,271300,3,839,716,0.853396901,123,234531,0,0,-76.63990619,39.35797066
G24051002714001,Maryland,Baltimore city,271400,1,898,598,0.665924276,300,139625,0,0,-76.6368794,39.34677632
G24051002714002,Maryland,Baltimore city,271400,2,1341,1184,0.882923192,157,160625,0,0,-76.63401487,39.35002753
G24051002714003,Maryland,Baltimore city,271400,3,1776,1145,0.644707207,631,115781,0,0,-76.6294974,39.34183207
G24051002715011,Maryland,Baltimore city,271501,1,598,484,0.809364548,114,120500,0,0,-76.65563796,39.36837614
G24051002715012,Maryland,Baltimore city,271501,2,324,294,0.907407407,30,71250,0,0,-76.65612072,39.36095313
G24051002715013,Maryland,Baltimore city,271501,3,818,611,0.746943765,207,129625,0,0,-76.6614129,39.36258958
G24051002715014,Maryland,Baltimore city,271501,4,1025,790,0.770731707,235,147841,0,0,-76.66829779,39.36252835
G24051002715015,Maryland,Baltimore city,271501,5,1396,943,0.675501433,453,63889,0,0,-76.67176021,39.36926479
G24051002715031,Maryland,Baltimore city,271503,1,876,593,0.676940639,283,56490,0,0,-76.64570789,39.35288806
G24051002716001,Maryland,Baltimore city,271600,1,537,36,0.067039106,501,39297,1,1,-76.66233811,39.34507464
G24051002716002,Maryland,Baltimore city,271600,2,697,30,0.043041607,667,49916.5,1,0,-76.65934632,39.34226978
G24051002716003,Maryland,Baltimore city,271600,3,853,26,0.030480657,827,49916.5,1,0,-76.66346116,39.34206613
G24051002716004,Maryland,Baltimore city,271600,4,1097,0,0,1097,60536,1,0,-76.67047619,39.34181927
G24051002716005,Maryland,Baltimore city,271600,5,449,0,0,449,49916.5,1,0,-76.66658597,39.34453747
G24051002716006,Maryland,Baltimore city,271600,6,433,20,0.046189376,413,58750,1,0,-76.66830794,39.34323318
G24051002717001,Maryland,Baltimore city,271700,1,599,173,0.288814691,426,12618,1,1,-76.6642414,39.35416523
G24051002717002,Maryland,Baltimore city,271700,2,681,16,0.02349486,665,40580,1,1,-76.67473141,39.35297699
G24051002717003,Maryland,Baltimore city,271700,3,816,0,0,816,63125,1,0,-76.66332505,39.34828249
G24051002717004,Maryland,Baltimore city,271700,4,1087,60,0.055197792,1027,50142,1,0,-76.66633019,39.35083248
G24051002717005,Maryland,Baltimore city,271700,5,862,0,0,862,46989,1,1,-76.67047507,39.34868612
G24051002717006,Maryland,Baltimore city,271700,6,579,0,0,579,42690.8,1,1,-76.67286512,39.34870506
G24051002718011,Maryland,Baltimore city,271801,1,490,0,0,490,32614,1,1,-76.68110357,39.3492587
G24051002718012,Maryland,Baltimore city,271801,2,694,39,0.056195965,655,19429,1,1,-76.68302967,39.34563545
G24051002718013,Maryland,Baltimore city,271801,3,1516,0,0,1516,51842,1,0,-76.68620069,39.34771252
G24051002718021,Maryland,Baltimore city,271802,1,361,0,0,361,35043.66667,1,1,-76.67652783,39.3471338
G24051002718022,Maryland,Baltimore city,271802,2,191,0,0,191,33272,1,1,-76.67421859,39.34521873
G24051002718023,Maryland,Baltimore city,271802,3,547,15,0.027422303,532,40094,1,1,-76.67563481,39.34287245
G24051002718024,Maryland,Baltimore city,271802,4,1191,0,0,1191,31765,1,1,-76.68010839,39.34389561
G24051002719001,Maryland,Baltimore city,271900,1,733,515,0.702592087,218,141250,0,0,-76.67431216,39.35978069
G24051002719002,Maryland,Baltimore city,271900,2,729,154,0.211248285,575,41641,1,1,-76.67898484,39.35731176
G24051002719003,Maryland,Baltimore city,271900,3,870,77,0.088505747,793,35833,1,1,-76.68350386,39.35503802
G24051002719004,Maryland,Baltimore city,271900,4,727,66,0.090784044,661,72908,1,0,-76.68774608,39.35257517
G24051002719005,Maryland,Baltimore city,271900,5,735,0,0,735,41641,1,1,-76.69136745,39.35068818
G24051002720031,Maryland,Baltimore city,272003,1,667,418,0.626686657,249,61983,0,0,-76.67857106,39.36822136
G24051002720032,Maryland,Baltimore city,272003,2,936,399,0.426282051,537,107708,1,0,-76.67953413,39.36353738
G24051002720033,Maryland,Baltimore city,272003,3,1252,532,0.424920128,720,59094,1,0,-76.68452011,39.35967962
G24051002720034,Maryland,Baltimore city,272003,4,2159,1831,0.848077814,328,58878,0,0,-76.69270565,39.36168283
G24051002720035,Maryland,Baltimore city,272003,5,1215,389,0.320164609,826,106444,1,0,-76.68426823,39.366001
G24051002720041,Maryland,Baltimore city,272004,1,1562,811,0.519206146,751,61450,0,0,-76.6883469,39.37093294
G24051002720042,Maryland,Baltimore city,272004,2,2362,1831,0.775190517,531,42730,0,1,-76.68933381,39.36764848
G24051002720051,Maryland,Baltimore city,272005,1,1728,1593,0.921875,135,51912,0,0,-76.70569494,39.36939667
G24051002720052,Maryland,Baltimore city,272005,2,560,549,0.980357143,11,98889,0,0,-76.70105044,39.36825876
G24051002720053,Maryland,Baltimore city,272005,3,1090,805,0.73853211,285,58125,0,0,-76.69716805,39.36844394
G24051002720061,Maryland,Baltimore city,272006,1,2526,1076,0.425969913,1450,30456,1,1,-76.69890619,39.35813604
G24051002720062,Maryland,Baltimore city,272006,2,962,596,0.61954262,366,38173,0,1,-76.69394583,39.35502243
G24051002720071,Maryland,Baltimore city,272007,1,2909,1238,0.425575799,1671,39275,1,1,-76.70689172,39.36405893
G24051002720072,Maryland,Baltimore city,272007,2,907,473,0.521499449,434,22386,0,1,-76.70353436,39.36008656
G24051002720073,Maryland,Baltimore city,272007,3,931,319,0.34264232,612,43413,1,1,-76.70987967,39.36817776
G24051002801011,Maryland,Baltimore city,280101,1,1152,73,0.063368056,1079,65159,1,0,-76.70982872,39.35958367
G24051002801012,Maryland,Baltimore city,280101,2,1380,10,0.007246377,1370,45132,1,1,-76.70322715,39.35318054
G24051002801013,Maryland,Baltimore city,280101,3,869,0,0,869,31058,1,1,-76.68682808,39.34427712
G24051002801021,Maryland,Baltimore city,280102,1,477,81,0.169811321,396,2499,1,1,-76.70448429,39.34508732
G24051002801022,Maryland,Baltimore city,280102,2,1836,37,0.020152505,1799,51939,1,0,-76.69252951,39.33682209
G24051002801023,Maryland,Baltimore city,280102,3,768,0,0,768,185441,1,0,-76.6944703,39.33280652
G24051002801024,Maryland,Baltimore city,280102,4,1428,1,0.00070028,1427,38947,1,1,-76.70304587,39.33636844
G24051002801025,Maryland,Baltimore city,280102,5,1150,42,0.036521739,1108,54489,1,0,-76.69838087,39.34006476
G24051002801026,Maryland,Baltimore city,280102,6,572,0,0,572,66663,1,0,-76.69029717,39.34213348
G24051002802001,Maryland,Baltimore city,280200,1,1314,127,0.096651446,1187,76813,1,0,-76.69194146,39.32734275
G24051002802002,Maryland,Baltimore city,280200,2,625,0,0,625,80066,1,0,-76.70131545,39.32392984
G24051002802003,Maryland,Baltimore city,280200,3,349,43,0.123209169,306,49567,1,0,-76.70844954,39.32645783
G24051002802004,Maryland,Baltimore city,280200,4,677,25,0.036927622,652,43482,1,1,-76.70903005,39.33190896
G24051002802005,Maryland,Baltimore city,280200,5,829,2,0.002412545,827,91375,1,0,-76.70393388,39.32996414
G24051002802006,Maryland,Baltimore city,280200,6,1328,57,0.042921687,1271,41033,1,1,-76.69916396,39.33054252
G24051002803011,Maryland,Baltimore city,280301,1,909,99,0.108910891,810,71615,1,0,-76.7006193,39.30554696
G24051002803012,Maryland,Baltimore city,280301,2,811,37,0.045622688,774,51319.5,1,0,-76.70813835,39.31563531
G24051002803013,Maryland,Baltimore city,280301,3,2192,126,0.057481752,2066,31024,1,1,-76.69836133,39.31262519
G24051002803021,Maryland,Baltimore city,280302,1,1304,33,0.025306748,1271,40357,1,1,-76.6940002,39.32073216
G24051002803022,Maryland,Baltimore city,280302,2,1234,74,0.059967585,1160,48875,1,0,-76.6933858,39.31691742
G24051002804011,Maryland,Baltimore city,280401,1,500,60,0.12,440,52917,1,0,-76.70183944,39.29928595
G24051002804012,Maryland,Baltimore city,280401,2,544,250,0.459558824,294,128313,1,0,-76.69670255,39.29527925
G24051002804013,Maryland,Baltimore city,280401,3,709,37,0.052186178,672,69875,1,0,-76.7034889,39.29370437
G24051002804014,Maryland,Baltimore city,280401,4,808,37,0.045792079,771,32207,1,1,-76.70889646,39.29446018
G24051002804015,Maryland,Baltimore city,280401,5,708,66,0.093220339,642,45463,1,1,-76.70806367,39.2971219
G24051002804021,Maryland,Baltimore city,280402,1,531,2,0.003766478,529,53125,1,0,-76.68874023,39.29543539
G24051002804022,Maryland,Baltimore city,280402,2,1101,0,0,1101,39250,1,1,-76.69093983,39.30054402
G24051002804031,Maryland,Baltimore city,280403,1,586,75,0.127986348,511,31141,1,1,-76.69449381,39.28322581
G24051002804032,Maryland,Baltimore city,280403,2,1271,185,0.145554681,1086,50017,1,0,-76.70130552,39.28435405
G24051002804033,Maryland,Baltimore city,280403,3,2496,656,0.262820513,1840,63858,1,0,-76.70893226,39.28313302
G24051002804034,Maryland,Baltimore city,280403,4,448,87,0.194196429,361,71063,1,0,-76.70730594,39.28957354
G24051002804035,Maryland,Baltimore city,280403,5,667,198,0.296851574,469,54019.75,1,0,-76.69994213,39.28945655
G24051002804041,Maryland,Baltimore city,280404,1,2107,87,0.041290935,2020,29609,1,1,-76.69017363,39.28499372
G24051002804042,Maryland,Baltimore city,280404,2,524,28,0.053435115,496,69231,1,0,-76.69335934,39.29065037
G24051002805001,Maryland,Baltimore city,280500,1,880,0,0,880,13114,1,1,-76.59718892,39.29577882
G24051002805002,Maryland,Baltimore city,280500,2,496,76,0.153225806,420,17644,1,1,-76.60687543,39.29444962
G24051002805003,Maryland,Baltimore city,280500,3,388,19,0.048969072,369,14198,1,1,-76.60255939,39.29632927
G24051002805004,Maryland,Baltimore city,280500,4,409,12,0.029339853,397,11836,1,1,-76.60125578,39.29381729